No,Topik,Respon,Freetext,Intent,Sample text 1,Sample text 2,Sample text 3,Sample text 4,Sample text 5,Sample text 6,Sample text 7,Sample text 8,Sample text 9,Sample text 10,Sample text 11,Sample text 12,Sample text 13,Sample text 14,Sample text 15,Sample text 16,Sample text 17,Sample text 18,Sample text 19,Sample text 20,Sample text 21,Sample text 22,Sample text 23,Sample text 24,Sample text 25,Sample text 26,Sample text 27,Sample text 28,Sample text 29,Sample text 30,Sample text 31,Sample text 32,Sample text 33,Sample text 34,Sample text 35,Sample text 36,Sample text 37,Sample text 38,Sample text 39,Sample text 40,Sample text 41,Sample text 42,Sample text 43,Sample text 44,Sample text 45,Sample text 46,Sample text 47,Sample text 48,Sample text 49,Sample text 50,Sample text 51,Sample text 52,Sample text 53,Sample text 54,Sample text 55,Sample text 56,Sample text 57,Sample text 58,Sample text 59,Sample text 60,Sample text 61,Sample text 62,Sample text 63,Sample text 64,Sample text 65,Sample text 66,Sample text 67,Sample text 68,Sample text 69,Sample text 70,Sample text 71,Sample text 72,Sample text 73,Sample text 74,Sample text 75,Sample text 76,Sample text 77,Sample text 78,Sample text 79,Sample text 80,Sample text 81,Sample text 82,Sample text 83,Sample text 84,Sample text 85,Sample text 86,Sample text 87,Sample text 88,Sample text 89,Sample text 90,Sample text 91,Sample text 92,Sample text 93,Sample text 94,Sample text 95,Sample text 96,Sample text 97,Sample text 98,Sample text 99,Sample text 100,Sample text 101,Sample text 102,Sample text 103,Sample text 104,Sample text 105,Sample text 106,Sample text 107,Sample text 108,Sample text 109,Sample text 110,Sample text 111,Sample text 112,Sample text 113,Sample text 114,Sample text 115,Sample text 116,Sample text 117,Sample text 118,Sample text 119,Sample text 120,Sample text 121,Sample text 122,Sample text 123,Sample text 124,Sample text 125,Sample text 126,Sample text 127,Sample text 128,Sample text 129,Sample text 130,Sample text 131,Sample text 132,Sample text 133,Sample text 134,Sample text 135,Sample text 136,Sample text 137,Sample text 138,Sample text 139,Sample text 140,Sample text 141,Sample text 142,Sample text 143,Sample text 144,Sample text 145,Sample text 146,Sample text 147,Sample text 148,Sample text 149,Sample text 150,Sample text 151,Sample text 152,Sample text 153,Sample text 154,Sample text 155,Sample text 156,Sample text 157,Sample text 158,Sample text 159,Sample text 160,Sample text 161,Sample text 162,Sample text 163,Sample text 164,Sample text 165,Sample text 166,Sample text 167,Sample text 168,Sample text 169,Sample text 170,Sample text 171,Sample text 172,Sample text 173,Sample text 174,Sample text 175,Sample text 176,Sample text 177,Sample text 178,Sample text 179,Sample text 180,Sample text 181,Sample text 182,Sample text 183,Sample text 184,Sample text 185,Sample text 186,Sample text 187,Sample text 188,Sample text 189,Sample text 190,Sample text 191,Sample text 192,Sample text 193,Sample text 194,Sample text 195,Sample text 196,Sample text 197,Sample text 198,Sample text 199,Sample text 200,Sample text 201,Sample text 202,Sample text 203,Sample text 204,Sample text 205,Sample text 206,Sample text 207,Sample text 208,Sample text 209,Sample text 210,Sample text 211,Sample text 212,Sample text 213,Sample text 214,Sample text 215,Sample text 216,Sample text 217,Sample text 218,Sample text 219,Sample text 220,Sample text 221,Sample text 222,Sample text 223,Sample text 224,Sample text 225,Sample text 226,Sample text 227,Sample text 228,Sample text 229,Sample text 230,Sample text 231,Sample text 232,Sample text 233,Sample text 234,Sample text 235,Sample text 236,Sample text 237,Sample text 238,Sample text 239,Sample text 240,Sample text 241,Sample text 242,Sample text 243,Sample text 244,Sample text 245,Sample text 246,Sample text 247,Sample text 248,Sample text 249,Sample text 250,Sample text 251,Sample text 252,Sample text 253,Sample text 254,Sample text 255,Sample text 256,Sample text 257,Sample text 258,Sample text 259,Sample text 260,Sample text 261,Sample text 262,Sample text 263,Sample text 264,Sample text 265,Sample text 266,Sample text 267,Sample text 268,Sample text 269,Sample text 270,Sample text 271,Sample text 272,Sample text 273,Sample text 274,Sample text 275,Sample text 276,Sample text 277,Sample text 278,Sample text 279,Sample text 280,Sample text 281,Sample text 282,Sample text 283,Sample text 284,Sample text 285,Sample text 286,Sample text 287,Sample text 288,Sample text 289,Sample text 290,Sample text 291,Sample text 292,Sample text 293,Sample text 294,Sample text 295,Sample text 296,Sample text 297,Sample text 298,Sample text 299,Sample text 300,Sample text 301,Sample text 302,Sample text 303,Sample text 304,Sample text 305,Sample text 306,Sample text 307,Sample text 308,Sample text 309,Sample text 310,Sample text 311,Sample text 312,Sample text 313,Sample text 314,Sample text 315,Sample text 316,Sample text 317,Sample text 318,Sample text 319,Sample text 320,Sample text 321,Sample text 322,Sample text 323,Sample text 324,Sample text 325,Sample text 326,Sample text 327,Sample text 328,Sample text 329,Sample text 330,Sample text 331,Sample text 332,Sample text 333,Sample text 334,Sample text 335,Sample text 336,Sample text 337,Sample text 338,Sample text 339,Sample text 340,Sample text 341,Sample text 342,Sample text 343,Sample text 344,Sample text 345,Sample text 346,Sample text 347,Sample text 348,Sample text 349,Sample text 350,Sample text 351,Sample text 352,Sample text 353,Sample text 354,Sample text 355,Sample text 356,Sample text 357,Sample text 358,Sample text 359,Sample text 360,Sample text 361,Sample text 362,Sample text 363,Sample text 364,Sample text 365,Sample text 366,Sample text 367,Sample text 368,Sample text 369,Sample text 370,Sample text 371,Sample text 372,Sample text 373,Sample text 374,Sample text 375,Sample text 376,Sample text 377,Sample text 378,Sample text 379,Sample text 380,Sample text 381,Sample text 382,Sample text 383,Sample text 384,Sample text 385,Sample text 386,Sample text 387,Sample text 388,Sample text 389,Sample text 390,Sample text 391,Sample text 392,Sample text 393,Sample text 394,Sample text 395,Sample text 396,Sample text 397,Sample text 398,Sample text 399,Sample text 400,Sample text 401,Sample text 402,Sample text 403,Sample text 404,Sample text 405,Sample text 406,Sample text 407,Sample text 408,Sample text 409,Sample text 410,Sample text 411,Sample text 412,Sample text 413,Sample text 414,Sample text 415,Sample text 416,Sample text 417,Sample text 418,Sample text 419,Sample text 420,Sample text 421,Sample text 422,Sample text 423,Sample text 424,Sample text 425,Sample text 426,Sample text 427,Sample text 428,Sample text 429,Sample text 430,Sample text 431,Sample text 432,Sample text 433,Sample text 434,Sample text 435,Sample text 436,Sample text 437,Sample text 438,Sample text 439,Sample text 440,Sample text 441,Sample text 442,Sample text 443,Sample text 444,Sample text 445,Sample text 446,Sample text 447,Sample text 448,Sample text 449,Sample text 450,Sample text 451,Sample text 452,Sample text 453,Sample text 454,Sample text 455,Sample text 456,Sample text 457,Sample text 458,Sample text 459,Sample text 460,Sample text 461,Sample text 462,Sample text 463,Sample text 464,Sample text 465,Sample text 466,Sample text 467,Sample text 468,Sample text 469,Sample text 470,Sample text 471,Sample text 472,Sample text 473,Sample text 474,Sample text 475,Sample text 476,Sample text 477,Sample text 478,Sample text 479,Sample text 480,Sample text 481,Sample text 482,Sample text 483,Sample text 484,Sample text 485,Sample text 486,Sample text 487,Sample text 488,Sample text 489,Sample text 490,Sample text 491,Sample text 492,Sample text 493,Sample text 494,Sample text 495,Sample text 496,Sample text 497,Sample text 498,Sample text 499,Sample text 500,Sample text 501,Sample text 502,Sample text 503,Sample text 504,Sample text 505,Sample text 506,Sample text 507,Sample text 508,Sample text 509,Sample text 510,Sample text 511,Sample text 512,Sample text 513,Sample text 514,Sample text 515,Sample text 516,Sample text 517,Sample text 518,Sample text 519,Sample text 520,Sample text 521,Sample text 522,Sample text 523,Sample text 524,Sample text 525,Sample text 526,Sample text 527,Sample text 528,Sample text 529,Sample text 530,Sample text 531,Sample text 532,Sample text 533,Sample text 534,Sample text 535,Sample text 536,Sample text 537,Sample text 538,Sample text 539,Sample text 540,Sample text 541,Sample text 542,Sample text 543,Sample text 544,Sample text 545,Sample text 546,Sample text 547,Sample text 548
1,Info Program Studi,"Universitas BotEdu (UBE) menawarkan berbagai program studi, termasuk Teknik Informatika, Manajemen, Psikologi, dan Pendidikan Bahasa Inggris. Untuk daftar lengkap, Anda dapat mengunjungi halaman Program Studi BotEdu di halaman botedu.ac.id. 

Apakah ada hal lain yang ingin Anda tanyakan?",,usr.info_program_studi,boleh kasih tahu soal program studi yang ada di UBE?,prodi yang ada di univ botedu?,kak boleh dibantu prodi yang ada di universitas botedu?,"saya ingin mendaftar di universitas BotEdu tapi tidak tahu program studinya apa saja, bisa bantu carikan infonya?",informasi soal program studi di universitas botedu,rincikan soal program studi yang tersedia di universitas botedu,universitas botedu terdiri dari program studi apa saja?,tahu kah kamu terkait program studi yang ditawarkan universitas botedu?,UBE nih nawarin prodi apa aja sih?,penasaran sama prodi yang ada di UBE tuh apa aja,bagi infonya dong soal program studi yang ada di UBE,jelaskan soal prodi yang ada di UBE dong kak,kamu tahu ga UBE tuh buka program studi apa aja,UBE nih buka program studi apa aja nih,sebetulnya di universitas botedu ada program studi apa saja?,biasanya universitas botedu membuka penawaran prodi apa aja min?,eh tahu ga soal program studi yang tersedia di universitas botedu,bantu sebutin program studi yang ada di botedu,universitas botedu buka program studi apa aja?,pingin tahu program studi yang ada di universitas botedu,di UBE nih biasanya buka prodi apa aja,informasi soal program studi yang ada di UBE,list program studi yang buka di UBE,btw UBE nih buka pendaftaran program studi apa aja?,"prodi di UBE apa aja deh, kepo",prodi di UBE,program studi yang ada di UBE,prodi yang ada tuh apa aja,kalo program studi nya ada apa aja sih,penasaran sama prodi yang tersedia,info seputar prodi yang ada di UBE,pada universitas botedu terdapat prodi apa saja,di UBE ada jurusan apa,saat ini UBE membuka program studi apa saja,program studi apa saja yang dibuka,penasaran sama prodi di UBE,kepo deh di UBE ada prodi apa aja,kasih tau soal prodi yang ada di UBE dong,mau tanya kak kalau di UBE terdapat prodi apa aja ya kak,informasi seputar program studi yang tersedia,universitas botedu menawarkan prodi apa aja,UBE membuka program studi apa aja,apa saja prodi yang terdapat pada universitas botedu,berikan info seputar program studi yang tersedia,jurusan yang ada di UBE,kasih tau tentang prodi yang tersedia dong,aku pengen tau tentang prodinya,pilihan prodi yang tersedia di UBE,program studi yang tersedia,prodi nya ada apa aja,program studi,jurusan,informasi terkait program studi,prodi yang ada di UBE,apa aja sih prodi yang tersedia di UBE,program studi nya apa aja yah,berikan informasi mengenai prodi di UBE,UBE menyediakan jurusan apa aja sih,sebutkan program studi di Universitas BotEdu,saya cari informasi tentang prodi-prodi yang ditawarkan UBE,daftar jurusan UBE,saya ingin tahu apa saja program studi yang disediakan,ada daftar program studi yang ditawarkan ngga,UBE punya jurusan apa aja?,"emang UBE ada jurusan apa aja sih, coba sebutkan",pilihan program studi di Universitas BotEdu,kasih info soal prodi di UBE dong,UBE ada jurusan Teknik Informatika kan?,mau minta info tentang prodi yang disediakan dong,"pengen tau di UBE ada prodi apa aja sih, tolong kasih infonya",jurusan yang tersedia di UBE tuh apa aja ya?,"mau nanya, ada prodi apa aja ya kalo di UBE itu?","di UBE terdapat jurusan apa ya, penasaran nih",macam-macam program studi yang ditawarkan UBE,program studi yang dimiliki UBE,jurusannya ada apa aja sih,prodi yang ada di ube apa aja ya kak?,daftar jurusan yang ada di ube bisa dilihat dimana?,"mau nanya nih kak, program studi yang ada di ube apa aja sih?","mau tau dong, di ube punya jurusan apa aja?",,,,,,,,,,,,,,,,,,,,,,,,,,,,,,,,,,,,,,,,,,,,,,,,,,,,,,,,,,,,,,,,,,,,,,,,,,,,,,,,,,,,,,,,,,,,,,,,,,,,,,,,,,,,,,,,,,,,,,,,,,,,,,,,,,,,,,,,,,,,,,,,,,,,,,,,,,,,,,,,,,,,,,,,,,,,,,,,,,,,,,,,,,,,,,,,,,,,,,,,,,,,,,,,,,,,,,,,,,,,,,,,,,,,,,,,,,,,,,,,,,,,,,,,,,,,,,,,,,,,,,,,,,,,,,,,,,,,,,,,,,,,,,,,,,,,,,,,,,,,,,,,,,,,,,,,,,,,,,,,,,,,,,,,,,,,,,,,,,,,,,,,,,,,,,,,,,,,,,,,,,,,,,,,,,,,,,,,,,,,,,,,,,,,,,,,,,,,,,,,,,,,,,,,,,,,,,,,,,,,,,,,,,,,,,,,,,,,,,,,,,,,,,,,,,,,,,,,,,,,,,,,,,,,
2,Info Jadwal Pendaftaran,"Pendaftaran mahasiswa baru Universitas BotEdu saat ini dibuka hingga 10 Agustus 2025. Jangan lewatkan kesempatan ini! Anda dapat mendaftar melalui portal resmi kami di Pendaftaran BotEdu. 

Apakah ada hal lain yang ingin Anda tanyakan?",,usr.info_jadwal_pendaftaran,info soal pendaftaran di UBE,mau tahu dong di UBE buka pendaftarannya kapan,tahu ga kamu soal pendaftaran di universiras botedu kapan?,kapan nih botedu buka pendaftaran?,kasih tahu aku soal jadwal pendaftaran universitas botedu,universitas botedu biasanya buka pendaftaran tuh kapan,"kak aku mau daftar di universitas botedu, boleh kasih informasi soal pendaftarannya kapan?",UBE nih buka daftaran kapan dah,pendaftaran di UBE buka pada tanggal berapa,tanggal pendaftaran universitas botedu,botedu buka pendaftaran kapan biasanya,oh iya UBE nih buka pendafaran kapan deh,buka pendaftaran di UBE infonya,untuk maba bisa daftar UBE kapan?,mahasiswa baru dapat melakukan pendaftaran mulai kapan?,proses pendaftaran universitas botedu itu kapan?,kepo deh tanggal pendaftaran mahasiswa baru di universitas botedu kapan,"halo, di universitas botedu proses pendaftarannya dilakukan kapan?",pingin tahu  untuk universitas botedu jadwal daftarnya kapan,"hai, bagi mahasiswa baru yang berniat daftar di universitas botedu dapat mendaftarkan diri kapan?",sampai kapan masa pendaftaran di universitas botedu,batas waktu pendaftaran mahasiswa baru mulai kapan,"omong-omong, timeline pendaftaran di botedu kapan?",ingin tahu persoalan terkait waktu pendaftaran di botedu,untuk maba bisa mulai mendaftarkan diri kapan ya di universitas botedu,kapan pendaftaran maba di UBE,aku pengen daftar disini tapi belum tau kapan pendaftarannya dibuka,tanggal berapa pendaftaran mahasiswa baru,pendaftaran mahasiswa baru dibuka kapan,dari tanggal berapa sampe tanggal berapa pendaftaran mahasiswa baru,tolong kasih tau jadwal pendaftarannya,ada timeline pendaftarannya ngga,penasaran sama jadwal pendaftarannya,mulai kapan maba bisa melakukan pendaftaran,kapan pendaftaran mahasiswa baru di UBE,tanggal berapa pendaftaran mahasiswa baru dimulai,kapan UBE buka pendaftaran mahasiswa baru,pendaftaran mahasiswa baru nya dimulai kapan ya,kapan UBE membuka pendaftaran mahasiswa baru,pendaftaran maba resmi dibuka kapan,tolong kasih tau tanggal pendaftaran mahasiswa baru,universitas botedu buka pendaftarannya kapan,pengen tau jadwal pendaftaran buat maba,kapan ya pendaftarannya dibuka,pada tanggal berapa pendaftaran mahasiswa baru universitas botedu dibuka,kalo di universitas botedu pendaftaran maba nya sampe kapan,sebenernya pendaftarannya tuh dibukanya kapan,pengen tau tentang jadwal pendaftaran UBE,pendaftaran maba mulai dibuka kapan,timeline pendaftaran mahasiswa baru UBE,jadwal pendaftaran,kapan pendaftaran dibuka?,masih buka pendaftaran ngga?,informasi pendaftaran mahasiswa baru,tanggal pendaftaran,apakah pendaftaran mahasiswa baru Universitas BotEdu sudah dibuka?,informasi terkait jadwal pendaftaran,ada info batas akhir pendaftaran mahasiswa baru ngga?,apakah jadwal pendaftaran untuk tahun ini sudah diumumkan?,UBE masih buka pendaftaran ngga,timeline pendaftaran maba UBE,kapan pendaftaran maba UBE dimulai?,"eh, jadwal pendaftaran mahasiswa UBE udah ada belum?",UBE tutup pendaftarannya kapan?,"kalau mau daftar ke UBE, terakhir kapan ya?",info resmi jadwal pendaftaran UBE,sampai kapan bisa daftar ke UBE?,deadline pendaftaran mahasiswa baru,"mau tau dong, UBE masih buka pendaftaran sampai kapan ya",UBE udah buka pendaftaran apa belum sih?,sekarang udah bisa daftar belum ya?,batas waktu pendaftaran UBE,mau liat jadwal pendaftarannya dong,UBE buka pendaftaran sampai tanggal berapa?,lagi cari info jadwal pendaftaran mahasiswa baru,pendaftaran maba ube tgl brp ya?,pendaftaran untuk maba masih dibuka ngga sekarang?,registrasi buat maba ube dibuka sampai kpn?,sampe tgl brp sih pendaftarannya,"mau nanya dong, pendaftaran untuk maba ube itu kpn ya?",,,,,,,,,,,,,,,,,,,,,,,,,,,,,,,,,,,,,,,,,,,,,,,,,,,,,,,,,,,,,,,,,,,,,,,,,,,,,,,,,,,,,,,,,,,,,,,,,,,,,,,,,,,,,,,,,,,,,,,,,,,,,,,,,,,,,,,,,,,,,,,,,,,,,,,,,,,,,,,,,,,,,,,,,,,,,,,,,,,,,,,,,,,,,,,,,,,,,,,,,,,,,,,,,,,,,,,,,,,,,,,,,,,,,,,,,,,,,,,,,,,,,,,,,,,,,,,,,,,,,,,,,,,,,,,,,,,,,,,,,,,,,,,,,,,,,,,,,,,,,,,,,,,,,,,,,,,,,,,,,,,,,,,,,,,,,,,,,,,,,,,,,,,,,,,,,,,,,,,,,,,,,,,,,,,,,,,,,,,,,,,,,,,,,,,,,,,,,,,,,,,,,,,,,,,,,,,,,,,,,,,,,,,,,,,,,,,,,,,,,,,,,,,,,,,,,,,,,,,,,,,,,,,,
3,Syarat Pendaftaran,"Untuk mendaftar di Universitas BotEdu, Anda perlu menyiapkan dokumen berikut:

1. Fotokopi ijazah SMA atau SKL.
2. Pas foto berwarna ukuran 4x6 cm.
3. KTP atau kartu identitas lainnya.
4. Bukti pembayaran biaya pendaftaran.
5. Nilai Rapor Semester 1-5.

Apakah ada hal lain yang ingin Anda tanyakan?",,usr.syarat_pendaftaran,syarat yang dibutuhkan untuk mendaftar di universitas botedu,perlu apa untuk daftar di universitas botedu,dokumen untuk daftar di universitas botedu apa yah?,tahu ga soal universitas botedu syarat masuknya apa?,rincikan soal berkas pendaftaran universitas botedu,apa saja syarat mendaftarkan diri di UBE,mahasiswa baru yang hendak mendaftar di UBE harus menyiapkan berkas apa,berkas pendaftaran mahasiswa baru UBE apa saja,bisa dibantu untuk yang hendak mendaftar di universitas botedu perlu dokumen apa?,kak untuk syarat mendaftarnya di universitas botedu seperti apa?,beri tahu soal syarat untuk dapat mendaftar di universitas botedu,eh perlu siapin berkas apa nih buat daftar di universitas botedu?,saya harus siapkan berkas pendaftaran apa untuk mendaftar di universitas botedu,untuk maba pendaftarannya harus siapkan berkas apa?,boleh dipandu untuk dokumen pendaftaran di universitas botedu?,"permisi, dokumen yang harus disiapkan untuk dapat mendaftar di UBE apa saja nih",kalau boleh tahu syarat yang dibutuhkan apa buat daftar?,maba yang daftar syaratnya apa?,jelaskan syarat untuk melakukan pendaftaran di botedu,gimana sih syarat pendaftaran di UBE?,list prasyarat untuk bisa mendaftar di botedu,harus penuhi syarat apa aja nih biar bisa keterima jadi mahasiswa di botedu?,di universitas botedu terdapat persyaratan apa untuk masuknya?,kepo soal syarat untuk daftar di universitas botedu apa aja,"untuk proses pendaftaran di UBE, mahasiswa baru harus melengkapi berkas apa saja?",syarat pendaftarannya gimana,kalo syarat pendaftarannya kaya gimana,dokumen buat pendaftarannya apa aja,apa aja dokumen yang menjadi syarat pendaftaran,syarat pendaftarannya apa aja sih kak,butuh info soal persyaratan pendaftarannya,berkas yang jadi syarat pendaftaran tuh apa,dokumen yang perlu disiapkan buat syarat pendaftaran,syarat daftarnya perlu dokumen apa,dokumen yang menjadi syarat pendaftaran itu apa sih,"kalo mau daftar, harus nyiapin berkas apa",kaya gimana sih syarat pendaftarannya,yang menjadi syarat pendaftaran itu apa,butuh syarat apa buat daftar di UBE,aku mau daftar disini tapi syarat nya apa aja,syarat pendaftaran di UBE gimana sih,syarat-syarat pendaftaran di UBE apa aja ya,syarat pendaftaran yang dibutuhkan untuk mendaftar di UBE,persyaratan apa aja yang harus disiapkan buat pendaftaran di UBE,tolong jelaskan apa aja syarat pendaftaran di UBE,pengen liat syarat pendaftaran di UBE,ngga tau syarat pendaftaran di UBE,mau daftar tapi gak paham syarat pendaftarannya apa,seperti apa persyaratan pendaftarannya,emang syarat pendaftarannya gimana ya,apa aja syarat pendaftarannya,syarat pendaftaran,syarat buat daftarnya apa,info mengenai syarat pendaftaran,apa saja dokumen pendaftaran yang dibutuhkan,buat daftar syaratnya apa aja ya?,berkas pendaftaran,persyaratan pendaftaran mahasiswa baru,syarat administrasi pendaftaran maba UBE,"mau daftar nih, syaratnya apa ya tolong dijelaskan",sebutkan dokumen yang diperlukan sebagai syarat pendaftaran,untuk pendaftarannya tuh syaratnya apa?,tolong kasih tau syarat-syarat dari pendaftarannya,apa yang menjadi syarat pendaftarannya,kalo boleh tau syarat untuk daftarnya apa ya kak,dokumen yang diperlukan untuk mendaftar di UBE,apa saja persyaratan dokumen untuk calon mahasiswa baru,saya ingin mengetahui syarat mendaftar di Universitas BotEdu,syarat daftar Universitas BotEdu itu apa aja sih?,"kalo mau daftar, untuk persyaratannya perlu nyiapin apa aja ya? ",ada info lengkap soal syarat pendaftaran maba UBE ngga?,buat pendaftaran berkas apa saja yang dibutuhkan,bagaimana terkait syarat pendaftarannya? ,untuk pendaftarannya tuh membutuhkan dokumen apa aja sih kak,"tertarik daftar, btw syaratnya apa aja ya? bisa dijelaskan",perlu nyiapin apa aja ya buat pendaftarannya,berkas yang dibutuhkan untuk pendaftaran apa?,"kak, kalo mau daftar di ube perlu dokumen apa aja ya?",sebutkan persayaratan pendaftarannya,informasi mengenai syarat pendaftaran,,,,,,,,,,,,,,,,,,,,,,,,,,,,,,,,,,,,,,,,,,,,,,,,,,,,,,,,,,,,,,,,,,,,,,,,,,,,,,,,,,,,,,,,,,,,,,,,,,,,,,,,,,,,,,,,,,,,,,,,,,,,,,,,,,,,,,,,,,,,,,,,,,,,,,,,,,,,,,,,,,,,,,,,,,,,,,,,,,,,,,,,,,,,,,,,,,,,,,,,,,,,,,,,,,,,,,,,,,,,,,,,,,,,,,,,,,,,,,,,,,,,,,,,,,,,,,,,,,,,,,,,,,,,,,,,,,,,,,,,,,,,,,,,,,,,,,,,,,,,,,,,,,,,,,,,,,,,,,,,,,,,,,,,,,,,,,,,,,,,,,,,,,,,,,,,,,,,,,,,,,,,,,,,,,,,,,,,,,,,,,,,,,,,,,,,,,,,,,,,,,,,,,,,,,,,,,,,,,,,,,,,,,,,,,,,,,,,,,,,,,,,,,,,,,,,,,,,,,,,,,,,,,,,
4,Info Biaya Kuliah,"Biaya kuliah di Universitas BotEdu tergantung pada program studi yang Anda pilih. Sebagai contoh, untuk Program Studi Teknik Informatika, biaya per semesternya mulai dari Rp 5.000.000. Anda juga dapat mengajukan beasiswa untuk meringankan biaya. Untuk detail lengkap, silakan kunjungi menu Biaya Kuliah pada website BotEdu. 

Apakah ada hal lain yang ingin Anda tanyakan?",,usr.info_biaya_kuliah,seputar biaya kuliah di universitas botedu,di universitas botedu biaya yang dikeluarkan berapa ya?,mau tahu dong untuk biaya kuliah di universitas botedu berapa,bisa dibantu soal biaya perkuliahan di universitas botedu?,detail biaya kuliah di universitas botedu,sediakan informasi soal biaya yang dikeluarkan untuk biaya kuliah di UBE,tiap program studi biaya kuliahnya berapa ya?,beda kah tiap program studi biaya kuliahnya?,rincian biaya kuliah di universitas botedu,kuliah di UBE mahal nggak sih? biaya per semesternya berapa kira-kira?,biaya kuliah di Universitas botedu gimana? ada rincian lengkapnya nggak?,kuliah di UBE mahal banget nggak? ,persemester tuh biaya kuliahnya berapa sih di UBE?,biasanya setiap semester biaya kuliah yang ditanggungkan ke mahasiswa berapa?,kepo sama biaya untuk kuliah di botedu deh,boleh tahu habis berapa kalau kuliah di botedu,di botedu biayanya mahal apa murah ya?,eh biaya di universitas botedu lazimnya berapa deh?,satu semester biaya perkuliahannya berapa ya?,"aku belum tahu nih biaya untuk berkuliah di universitas botedu, bisa kasih informasinya?",boleh bagi infonya kak seputar biaya kuliah di UBE selama satu semester?,tiap prodi biaya kuliahnya berapa ya? bisa kasih detailnya?,berikan penjelasan detail mengenai biaya kuliah di UBE,jika berkuliah di UBE akan dikenakan biaya perkuliah semester berapa besar?,berapa besar uang perkuliahan di universitas botedu setiap semester,biaya kuliah per semester,biaya kuliah tiap prodi,apakah tiap prodi biaya kuliahnya sama,per semester biaya kuliahnya gimana,biaya kuliah di UBE gimana,apakah biaya kuliahnya mahal,jelaskan terkait biaya kuliahnya,kalo rincian biaya kuliahnya gimana ya,pengen tau soal biaya kuliah disini,di universitas botedu biaya kuliahnya kaya gimana,biaya kuliahnya kisaran berapa ya,kalo per semester biaya kuliahnya berapa,ada info soal biaya kuliahnya ngga,emang biaya kuliahnya sekitar berapa kalo di UBE,"kalo kuliah di UBE, biaya kuliahnya kira-kira berapa","boleh tahu nggak, biaya kuliah di UBE itu berapa",berapa biaya yang diperlukan untuk kuliah di UBE,"kuliah di UBE, biayanya sekitar berapa ya",butuh biaya sekitar berapa sih buat kuliah di UBE,kalo kuliah di UBE butuh biaya sekitar berapa,biaya kuliah di UBE biasanya kisaran berapa,penasaran sama biaya kuliahnya,di UBE biaya kuliahnya sekitar berapa ya,tolong jelasin biaya kuliah di UBE dong,mau liat biaya kuliahnya,biaya kuliah,berapa biaya kuliah di UBE?,berikan informasi mengenai biaya kuliahnya,pengen tau untuk biaya kuliah disini kira-kira berapa ya ,"kak, biaya kuliah di UBE kisaran berapa ya?",biaya semesteran disini nyampe berapa sih,kira-kira butuh duit berapa buat kuliah di UBE,per semesternya tuh berapa sih biaya kuliahnya,aku lagi nyari info soal biaya kuliah nih,mau tau detail biaya kuliah tiap semesternya dong,rincian biaya perkuliahan,kuliah di UBE tuh bayar nya berapa ya tiap semesternya,mau liat biaya kuliah nya dulu dong,"halo kak, kira-kira total biaya kuliah di UBE tuh berapa sih?",biaya kuliahnya mahal ngga sih,emang berapa biaya kuliah per semesternya? kasih infonya dong,biaya kuliah yang harus dibayar per semesternya kisaran berapa ya kak?,informasi lengkap terkait biaya perkuliahan ,berapa biaya kuliah per program studi nya,"aku mau tau dong, di UBE tuh biaya kuliahnya mahal apa ngga?","penasaran deh sama biaya kuliahnya, boleh kasih tau ngga?",semesteran di UBE tuh bayarnya kisaran berapa sih? ,total biaya perkuliahan di UBE,buat kuliah di UBE biaya nya nyampe sekitaran berapa sih,"btw, biaya kuliah UBE tuh sekitar berapa juta ya tiap semesternya?",mau liat daftar biaya kuliah di ube dong,daftar biaya semesteran di ube bisa dilihat dimana ,brp biaya kuliah tiap semesternya,biaya semesteran di ube nyampe berapa sih?,"aku pengen tau, buat kuliah di ube itu biayanya sekitar brp?",,,,,,,,,,,,,,,,,,,,,,,,,,,,,,,,,,,,,,,,,,,,,,,,,,,,,,,,,,,,,,,,,,,,,,,,,,,,,,,,,,,,,,,,,,,,,,,,,,,,,,,,,,,,,,,,,,,,,,,,,,,,,,,,,,,,,,,,,,,,,,,,,,,,,,,,,,,,,,,,,,,,,,,,,,,,,,,,,,,,,,,,,,,,,,,,,,,,,,,,,,,,,,,,,,,,,,,,,,,,,,,,,,,,,,,,,,,,,,,,,,,,,,,,,,,,,,,,,,,,,,,,,,,,,,,,,,,,,,,,,,,,,,,,,,,,,,,,,,,,,,,,,,,,,,,,,,,,,,,,,,,,,,,,,,,,,,,,,,,,,,,,,,,,,,,,,,,,,,,,,,,,,,,,,,,,,,,,,,,,,,,,,,,,,,,,,,,,,,,,,,,,,,,,,,,,,,,,,,,,,,,,,,,,,,,,,,,,,,,,,,,,,,,,,,,,,,,,,,,,,,,,,,,,
5,Cara Daftar,"Untuk mendaftar di Universitas BotEdu, ikuti langkah-langkah berikut:

1. Kunjungi situs resmi kami di Pendaftaran BotEdu.
2. Buat akun dengan mengisi data diri Anda.
3. Unggah dokumen yang diperlukan.
4. Lakukan pembayaran biaya pendaftaran.
5. Konfirmasi pendaftaran Anda melalui email yang dikirimkan.

Apakah ada hal lain yang ingin Anda tanyakan?",,usr.cara_daftar,instruksi pendaftaran di UBE,boleh kasih cara untuk proses pendaftaran di universitas botedu,bagaimana cara melakukan pendaftaran di universitas botedu,"bagi yang berniat mendaftar di botedu, maka cara mendaftarnya bagaimana?",bagaimana proses pendaftaran di botedu,langkah-langkah untuk mendaftar di universitas botedu,tata cara untuk pendaftaran bagi mahasiswa baru,bisa dibantu untuk melakukan pendaftaran di universitas botedu?,"halo kak, saya mahasiswa baru dan ingin mendaftar, langkah-langkahnya seperti apa ya?",bisa dijelaskan mengenai mekanisme pendaftaran di botedu,untuk universitas botedu proses pendaftaran mahasiswa baru bagaimana ya?,"jika berniat mendaftar di UBE, seperti apa proses pendaftaran yang harus dijlalani",informasi soal cara-cara untuk melakukan pendaftaran di universitas botedu,gimana sih cara daftarnya tuh?,tahu ga proses daftarnya di botedu gimana?,"eh, kamu ada info seputar tata cara pendaftaran?",cara daftarnya gimana min di universitas botedu tuh,jelasin soal mekanisme pendaftaran di universitas botedu,boleh berikan panduan untuk pendaftaran di universitas botedu,detail terkait panduan pendaftaran mahasiswa baru,boleh tahu tahapan pendaftaran di universitas botedu ga?,langkah untuk melakukan pendaftaran gimana sih?,ada yang bisa kasih tahu tata cara pendaftaran ga ya?,"ini kalau mau daftar, langkah yang benar gimana ya?",bisa dibantu untuk proses pendaftaran tidak ya?,cara daftarnya gimana ya,langkah-langkah pendaftarannya gimana,kalo mau daftar gimana caranya,jelaskan mengenai tata cara pendaftarannya,bagaimana sih cara daftarnya,butuh info terkait cara pendaftarannya,apakah ada tata cara pendaftaran,jelaskan bagaimana cara daftarnya,pengen tau deh kalo mau daftar disini gimana caranya,info lengkap terkait cara pendaftarannya,kalau di UBE cara daftarnya kaya gimana,mau daftar di UBE tolong kasih tau caranya,pengen jadi maba di UBE tapi gimana cara daftarnya,emang cara daftarnya gimana ya kak,tolong jelasin cara daftarnya dong kak,apakah ada urutan cara daftarnya,masih belum cara daftar di UBE,mohon bantuannya kak kasih tau cara daftar di UBE kaya gimana,butuh info lengkap cara daftarnya,pengen tau cara daftar di UBE,ada alur cara daftarnya ngga,cara daftar di UBE seperti apa,kaya gimana cara daftarnya,tolong kasih tau cara daftarnya gimana,informasi seputar cara daftar,cara daftar,tutorial pendaftaran,alur pendaftarannya gimana,bagaimana proses pendaftarannya,apa ada panduan untuk pendaftaran mahasiswa baru?,langkah-langkah pendaftaran,seperti apa tahapahan pendaftaran di UBE,tolong jelaskan tata cara pendaftarannya,gimana sih cara daftar di Universitas BotEdu,bisa jelasin ngga step by step pendaftarannya,"mau daftar disini, caranya gimana tuh",bagaimana proses pendaftaran mahasiswa baru UBE,buat daftar jadi mahasiswa UBE gimana ya? tolong kasih tau caranya,"mau minta panduan buat daftar dong, bingung nih",seperti apa alur pendaftaran mahasiswa baru di UBE,prosedur pendaftarannya gimana ya? ,mekanisme pendaftaran maba UBE gimana ya kak?,berikan info tata cara pendaftaran mahasiswa baru,"btw, buat daftarnya dimana? ",pendaftaran mahasiswa baru bisa dilakukan lewat apa?,beritahu aku cara daftar kuliah di UBE,aku butuh panduan untuk daftar kuliah di UBE,mau daftar tapi bingung langkah-langkahnya,bisa daftar online ngga sih? gimana caranya?,"jelaskan step by step alur pendaftarannya, mau daftar nih",gimana cara buat daftarnya,kasih tau tutorial pendaftarannya dong min,alur pendaftaran maba ube kaya gimana ya? ,daftarnya online kah? gimana tuh,ada panduan buat pendaftaran ngga?,,,,,,,,,,,,,,,,,,,,,,,,,,,,,,,,,,,,,,,,,,,,,,,,,,,,,,,,,,,,,,,,,,,,,,,,,,,,,,,,,,,,,,,,,,,,,,,,,,,,,,,,,,,,,,,,,,,,,,,,,,,,,,,,,,,,,,,,,,,,,,,,,,,,,,,,,,,,,,,,,,,,,,,,,,,,,,,,,,,,,,,,,,,,,,,,,,,,,,,,,,,,,,,,,,,,,,,,,,,,,,,,,,,,,,,,,,,,,,,,,,,,,,,,,,,,,,,,,,,,,,,,,,,,,,,,,,,,,,,,,,,,,,,,,,,,,,,,,,,,,,,,,,,,,,,,,,,,,,,,,,,,,,,,,,,,,,,,,,,,,,,,,,,,,,,,,,,,,,,,,,,,,,,,,,,,,,,,,,,,,,,,,,,,,,,,,,,,,,,,,,,,,,,,,,,,,,,,,,,,,,,,,,,,,,,,,,,,,,,,,,,,,,,,,,,,,,,,,,,,,,,,,,,,
6,Layanan Bantuan/ Kontak,"Jika Anda mengalami masalah saat login, pastikan email dan password Anda sudah benar. Jika lupa password, Anda bisa klik 'Lupa Password' untuk mereset. Jika ada kendala lainnya, silakan hubungi admin kami melalui WhatsApp di +62-812-3456-7890.

Apakah ada hal lain yang ingin Anda tanyakan?",,usr.layanan_bantuan,bisa dibantu untuk proses login?,"ada masalah di proses login akunku, gimana ya?",aku harus gimana kalau ada masalah saat login,aku lupa password akunku nih gimana dong?,aku perlu dibantu terkait akunku nih,pusat layanan bantuan dapat hubungi kemana?,boleh tahu tidak kalau ada masalah terkait akun laporan kemana?,kalau ada masalah gitu hubungin ke siapa?,kasih tahu kontak helpdesk,"eh passwordku kelupaan deh, bisa dibantu ga?",minta tolong buat atasin lupa password dong,"ada masalah teknis nih, aku bisa tanya ke siapa ya?",kontak helpdesk yang bisa dihubungi kalau ada masalah teknis,infonya kalau proses login gagal terus,ini mau login tapi kok ga bisa terus tuh kenapa deh?,boleh dibantu untuk mengatasi akun yang bermasalah?,"lagi perlu kontak layanan bantuan nih, bisa kasih info?","permisi saya lupa dengan password akun saya, harus melakukan apa ya?",kemana cari bantuan kalau ketemu masalah teknis?,"akunku masalah terus ini, harus minta tolong siapa? bantuin dong","ga ngerti ini kenapa akunku ga bisa login, gimana dong?",kasih saran kenapa akun saya mengalami masalah ketika login?,"lupa password bos, atasinnya?",perlu layanan bantuan segera buat atasin akun error,ada nomor WA helpdesk ga ya?,aku perlu layanan bantuan,ada ngga nomer wa buat keperluan layanan bantuan,tolong bantu aku buat login,harus menghubungi kemana kalo ada kendala,ada kendala nih gimana ya,"kak, bisa bantu aku ngga","aku lupa password jadi ga bisa login, bantu aku kak",aku membutuhkan layanan bantuan,kontak yang harus dihubungi ketika ada kendala,berikan aku kontak yang bisa dihubungi kalo ada masalah saat login,aku perlu kontak atau layanan bantuan,"mau tanya, apa boleh minta  kontak untuk layanan bantuan",mohon bantuannya kak aku ngga bisa login,butuh bantuan lebih lanjut,butuh info kontak buat bantuan lebih lanjut,apakah ada kontak yang bisa dihubungi buat bantuan lebih lanjut,aku membutuhkan bantuan kak,"aku kesusahan buat masuk ke akunku, bisa bantu kak?","terdapat masalah di akun ku, mohon bantuannya",ada masalah sama akun ku gimana ya,kalo ada kendala buat login harus hubungi kemana,aku kesulitan untuk login,bisa tolong bantu aku ngga,butuh bantuan nih kak,ada kendala nih aku,layanan bantuan UBE,aku butuh bantuan,"ngga bisa login, gimana nih bantu dong","jika ada kendala, saya harus menghubungi siapa?",kontak layanan bantuan,aku lupa password akun,tolong dong aku ngga bisa masuk ke akunku,apa ada nomor yang bisa saya hubungi untuk minta bantuan?,"kak, gimana kalo aku lupa password?",ini kenapa sih nggak bisa masuk-masuk ke akun,kalo lupa password solusinya gimana,WA untuk layanan bantuan ada ngga sih?,"mau nanya, kontak admin buat minta bantuan ada ngga ya?",aku butuh bantuan terkait akun untuk pendaftaran,"ada masalah saat login, minta bantuannya kemana ya","permisi, ada nomor yang bisa dihubungi untuk layanan bantuan ngga ya?",aku memerlukan bantuan terkait masalah pada akun,kalo ada kendala soal akun bisa hubungi ke siapa?,"saya membutuhkan bantuan teknis, siapa yang harus saya hubungi?",kontak helpdesk,info nomor help center UBE,untuk layanan bantuan bisa hubungi ke nomor mana ya?,ada nomor help center ngga? aku ngga bisa masuk akun nih,"mau tanya nomor WA helpdesk dong, ada kendala nih","mau tanya-tanya ke helpdesk, bagi nomornya dong",kontak helpdesk,"aku coba login tapi gagal terus, gimana dong",ada nomor helpdesk ngga? aku ngga bisa login akun,duh aku lupa pw akunnya gimana nih,"min, aku ngga bisa login akun buat daftar",,,,,,,,,,,,,,,,,,,,,,,,,,,,,,,,,,,,,,,,,,,,,,,,,,,,,,,,,,,,,,,,,,,,,,,,,,,,,,,,,,,,,,,,,,,,,,,,,,,,,,,,,,,,,,,,,,,,,,,,,,,,,,,,,,,,,,,,,,,,,,,,,,,,,,,,,,,,,,,,,,,,,,,,,,,,,,,,,,,,,,,,,,,,,,,,,,,,,,,,,,,,,,,,,,,,,,,,,,,,,,,,,,,,,,,,,,,,,,,,,,,,,,,,,,,,,,,,,,,,,,,,,,,,,,,,,,,,,,,,,,,,,,,,,,,,,,,,,,,,,,,,,,,,,,,,,,,,,,,,,,,,,,,,,,,,,,,,,,,,,,,,,,,,,,,,,,,,,,,,,,,,,,,,,,,,,,,,,,,,,,,,,,,,,,,,,,,,,,,,,,,,,,,,,,,,,,,,,,,,,,,,,,,,,,,,,,,,,,,,,,,,,,,,,,,,,,,,,,,,,,,,,,,,
7,Proses Seleksi,"Proses seleksi di Universitas BotEdu dilakukan secara eksklusif menggunakan sistem CAT (Computer Assisted Test) di laboratorium komputer kampus kami. Berikut langkah-langkahnya:

1. Setelah pendaftaran, Anda akan menerima jadwal tes melalui email.
2. Datang ke kampus BotEdu sesuai jadwal yang diberikan.
3. Bawa kartu identitas dan bukti pendaftaran Anda.
4. Ikuti tes di komputer yang telah disediakan di laboratorium.
Hasil tes dapat langsung dilihat setelah selesai melalui sistem CAT.

Apakah ada hal lain yang ingin Anda tanyakan?",,usr.proses_seleksi,seperti apa proses seleksi di universitas botedu,informasi seputar proses seleksi di universitas botedu,"untuk universitas botedu, proses seleksinya apa aja kak",bisa dibantu untuk proses seleksi di universitas botedu?,gimana sih proses seleksi yang ada di universitas botedu?,seperti apa deh seleksi masuk di universitas botedu,proses seleksi masuk bagi mhs baru apa aja ya?,kamu tahu kah kalau misal masuk ke universitas botedu ada tes masuknya? langkahnya gimana?,langkah untuk proses seleksi di kampus botedu,tata cara seleksi masuk di botedu,info soal proses masuk ke kampus botedu,botedu proses masuknya gimana tuh?,permisi untuk universitas botedu seleksi masuknya melakukan apa?,ada tes masuk di universitas botedu?,biasanya ada tes kah untuk bisa jadi mahasiswa di univeristas botedu?,boleh minta info untuk seleksi masuk jenisnya apa?,seperti apa tuh proses masuk di botedu?,sistem seleksi penerimaan yang ada di botedu,penerimaan di botedu perlu seleksi apa aja?,tahu kah kamu untuk sistem penerimaan du botedu apa saja?,mau tahu di botedu seleksi masuknya gimana,btw yang masuk di botedu harus kerjain tes apa?,bisa jelaskan untuk proses seleksi botedu?,seleksi masuk botedu terdiri dari apa saja?,"setelah melakukan pendaftaran, proses seleksinya apa selenjutnya?",bagaimana dengan proses seleksinya,pengen tau sama proses seleksinya,proses seleksinya kaya gimana sih,seperti apa proses seleksi di UBE,jelaskan proses seleksi di universitas botedu,di universitas botedu sistem seleksinya gimana,tolong kasih tau proses seleksi yang dilakukan,"aku dah daftar, terus proses seleksinya selanjutnya gimana kak",perlu info proses seleksinya nih,mau daftar disini tapi pengen tau dulu proses seleksinya gimana,kalo alur seleksinya gimana? jelasin dong,proses seleksinya kaya gimana sih kalo di UBE,"mau tanya, proses seleksinya kaya gimana ya",tahapan dalam proses seleksi UBE,butuh info soal proses seleksinya nih,apakah ada info tentang proses seleksinya,proses seleksi yang harus dijalani kaya gimana,info detail tentang proses seleksinya,jelaskan bagaimana proses seleksi di universitas botedu,apa aja tahapan dalam proses seleksi di universitas botedu,beritahu proses seleksi yang dilakukan di UBE,alur seleksi pada UBE,buat seleksi nya itu prosesnya seperti apa sih,pengen tau proses seleksi di UBE gimana,alur proses seleksinya gimana,gimana proses seleksinya,"setelah daftar, alur seleksinya gimana",bagaimana tahapan seleksi penerimaan mahasiswa baru,aku pengen tau tentang proses seleksinya,"kalo udah daftar, seleksi selanjutnya gimana ya?",seleksi pendaftaran maba UBE,informasi mengenai proses seleksi penerimaan maba,buat seleksinya gimana tuh alurnya,sistem seleksinya gimana?,"udah daftar nih, buat seleksinya gimana nanti? ",seperti apa proses seleksi PMB di UBE,gimana prosedur seleksinya,setelah pendaftaran itu ada proses seleksi ya?,proses seleksi ini tahpannya apa aja,untuk seleksinya itu nanti sistemnya gimana yah?,"udah selesai daftar, terus seleksi kelanjutannya gimana tuh",mekanisme seleksinya gimana deh,PMB UBE tuh proses seleksinya pakai sistem apa? ,rangkaian proses seleksi mahasiswa baru,"mau nanya, tahapan proses seleksinya gimana ya kak?","aku sudah daftar, lalu seleksi selanjutnya apa ya?",proses seleksinya menggunakan sistem apa? tolong dijelaskan,berikan info terkait proses seleksi mahasiswa baru UBE,sistem seleksi yang dipakai UBE tuh kaya gimana ya? jelasin dong,"jika sudah daftar, apa proses seleksi selanjutnya?","kalo udah daftar, kelanjutan seleksinya gmn ya",sistem seleksi penerimaan maba ube gimana,gimana tahapan seleksinya,alur seleksinya seperti apa,jelasin mengenai proses seleksinya dong kak,,,,,,,,,,,,,,,,,,,,,,,,,,,,,,,,,,,,,,,,,,,,,,,,,,,,,,,,,,,,,,,,,,,,,,,,,,,,,,,,,,,,,,,,,,,,,,,,,,,,,,,,,,,,,,,,,,,,,,,,,,,,,,,,,,,,,,,,,,,,,,,,,,,,,,,,,,,,,,,,,,,,,,,,,,,,,,,,,,,,,,,,,,,,,,,,,,,,,,,,,,,,,,,,,,,,,,,,,,,,,,,,,,,,,,,,,,,,,,,,,,,,,,,,,,,,,,,,,,,,,,,,,,,,,,,,,,,,,,,,,,,,,,,,,,,,,,,,,,,,,,,,,,,,,,,,,,,,,,,,,,,,,,,,,,,,,,,,,,,,,,,,,,,,,,,,,,,,,,,,,,,,,,,,,,,,,,,,,,,,,,,,,,,,,,,,,,,,,,,,,,,,,,,,,,,,,,,,,,,,,,,,,,,,,,,,,,,,,,,,,,,,,,,,,,,,,,,,,,,,,,,,,,,,
8,Persiapan Tes Seleksi,"Untuk mengikuti tes seleksi di kampus Universitas BotEdu, berikut yang perlu Anda siapkan:

1. KTP atau kartu identitas lainnya.
2. Bukti pendaftaran (cetak atau digital).
3. Alat tulis seperti pulpen (opsional untuk mencatat).
Datanglah tepat waktu sesuai jadwal Anda. Jika ada kendala, hubungi kami segera melalui layanan bantuan.

Apakah ada hal lain yang ingin Anda tanyakan?",,usr.persiapan_tes_seleksi,untuk tes perlu siapkan apa saja?,apa yang bisa disiapkan untuk mengikuti tes masuk?,bisa dibantu untuk persiapan tes seleksi perlu apa saja,siapkan apa sebelum tes seleksi,seleksi masuk harus menyiapkan apa?,persiapan untuk tes masuk,bantu untuk persiapan untuk mengikuti tes masuk,bisa dibantu untuk tes masuk di botedu harus siapkan apa,"sebelum seleksi masuk, calon mahasiswa dapat menyiapkan apa",hal yang harus dipersiapkan sebelum melakukan tes,persyaratan yang harus disiapkan untuk tes masuk,"dalam melakukan tes masuk, sebelumnya harus menyiapkan apa?","untuk melakukan seleksi masuk, kira-kira harus siap apa aja?",perlu apa aja untuk seleksi masuk ya kak?,ada hal-hal khusus yang perlu disiapkan tidak untuk melakukan tes masuk,perlu melakukan persiapan apa saja untuk seleksi masuk?,apa yang perlu saya bawa pas tes seleksi?,saat seleksi masuk saya perlu membawa dokumen apa,jelaskan hal yang perlu saya siapkan sebelum mengikuti tes,"kalau mau tes seleksi di botedu, apa yang perlu dibawa?","terkait persiapan, apa yang perlu saya siapin buat tes","soal persiapan tes masuk, harus siapkan apa nih?",berkas yang harus saya bawa saat tes,apa aja yang harus dibawa buat tes seleksi di universitas botedu?,dalam tes seleksi masuk di botedu sebelumnya perlu menyiapkan apa kak?,apa aja yang harus disiapkan buat tes seleksi,sebelum tes seleksi harus menyiapkan apa dulu,yang harus disiapkan sebelum tes seleksi apa ya,berikan info lengkap tentang persiapan tes seleksi,informasi seputar tes seleksi,berkas apa aja yang perlu disiapin buat tes seleksi,aku mau tes seleksi nah persiapannya seperti apa ya,yang perlu disiapin buat tes seleksi apa,kalo mau tes seleksi harus nyiapin apa sih,hal apa aja yang perlu disiapkan sebelum tes seleksi,adakah persiapan yang harus dilakukan sebelum tes seleksi,persiapan apa saja yang dibutuhkan untuk tes seleksi ini,kalo mau tes seleksi itu apa aja yang harus dibawa atau dipersiapkan?,dalam persiapan tes seleksi butuh apa aja,sebelum tes seleksi perlu nyiapin apa ya kak,kira-kira apa aja yang harus dipersiapkan untuk tes seleksi,bisa kasih tahu apa saja yang harus dipersiapkan untuk tes seleksi?,hal-hal yang perlu disiapkan buat tes seleksi itu apa,persiapan yang wajib dilakukan sebelum tes seleksi,yang wajib disiapkan buat tes seleksi ini tuh apa,info tentang persiapan tes seleksi,pada tes seleksi biasanya harus menyiapkan apa,persiapan seperti apa yang harus dilakukan sebelum tes seleksi,apa aja yang harus disiapin buat tes seleksi,bagaimana dengan persiapan tes seleksi,persiapan tes seleksi,apa saja yang harus dipersiapkan untuk tes seleksi,tes seleksi harus bawa apa aja,persyaratan mengikuti tes seleksi,apa yang harus dibawa saat tes eleksi?,untuk seleksi itu wajib bawa apa aja sih syaratnya?,gimana syarat mengikuti tes seleksi,"untuk tes seleksi, aku harus mempersiapkan apa saja?","eh, buat tes seleksi UBE perlu bawa apa aja sih?",yang harus dibawa buat tes seleksi apa aja yah ,sebutkan persyaratan untuk tes seleksi,buat ikut tes seleksi aku harus nyiapin apa aja sih,"biar bisa ikut tes seleksi, persyaratannya apa","mau nanya dong, apa aja yang wajib dibawa saat tes seleksi nya?","halo kak, persyaratan saat tes seleksi itu apa aja ya? mohon infonya","eh, tes seleksi tuh yang dibawa apa? infoin dong",berikan info mengenai persyaratan untuk mengikuti tes seleksi,kira-kira buat tes seleksi perlu nyiapin apa ya?,apa aja yang wajib dibawa ketika tes seleksi,persyaratan tes seleksi ada apa aja? tolong dijelaskan,peserta tes seleksi wajib bawa apa aja?,aku belum tau apa yang harus dibawa pas tes seleksi,apa yang perlu dipersiapkan sebelum mengikuti tes seleksi?,info mengenai persyaratan tes seleksi,daftar persyaratan yang perlu disiapkan ketika akan mengikuti tes seleksi,buat tes seleksinya perlu bawa apa aja sih,yang perlu disiapin buat tes seleksi apa aja yah?,persyaratan buat mengikuti tes seleksinya gimana?,apa aja sih yang dibutuhkan saat mengikuti tes seleksi,persyaratan yang wajib dibawa ketika tes seleksi apa?,,,,,,,,,,,,,,,,,,,,,,,,,,,,,,,,,,,,,,,,,,,,,,,,,,,,,,,,,,,,,,,,,,,,,,,,,,,,,,,,,,,,,,,,,,,,,,,,,,,,,,,,,,,,,,,,,,,,,,,,,,,,,,,,,,,,,,,,,,,,,,,,,,,,,,,,,,,,,,,,,,,,,,,,,,,,,,,,,,,,,,,,,,,,,,,,,,,,,,,,,,,,,,,,,,,,,,,,,,,,,,,,,,,,,,,,,,,,,,,,,,,,,,,,,,,,,,,,,,,,,,,,,,,,,,,,,,,,,,,,,,,,,,,,,,,,,,,,,,,,,,,,,,,,,,,,,,,,,,,,,,,,,,,,,,,,,,,,,,,,,,,,,,,,,,,,,,,,,,,,,,,,,,,,,,,,,,,,,,,,,,,,,,,,,,,,,,,,,,,,,,,,,,,,,,,,,,,,,,,,,,,,,,,,,,,,,,,,,,,,,,,,,,,,,,,,,,,,,,,,,,,,,,,,
9,Seleksi dan Hasil,"Hasil seleksi berbasis CAT (Computer Assisted Test) Universitas BotEdu dapat dilihat langsung setelah Anda menyelesaikan tes. Silakan login ke portal Seleksi BotEdu menggunakan nomor pendaftaran Anda untuk melihat hasilnya. Semoga sukses!

Anda dapat melihat hasil tes dengan langkah berikut:

1. Login ke portal seleksi di Seleksi BotEdu.
2. Masukkan nomor pendaftaran Anda.
3. Klik menu 'Hasil Seleksi' untuk melihat status kelulusan Anda.
4. Jika Anda membutuhkan bantuan lebih lanjut, saya siap membantu!

Apakah ada hal lain yang ingin Anda tanyakan?",,usr.seleksi_hasil,hasil seleksi masuk dapat dilihat dimana?,cara lihat hasil tes,bisa dibantu untuk melihat hasil tes masuk saya?,informasi seputar cara melihat hasil tes,"untuk yang telah tes, hasilnya dapat dilihat kapan?",mekanisme untuk melihat hasil tes masuk,tata cara untuk melihat hasil tes,kasih tahu cara buat liat hasil tes,hasil tes masuk bisa dilihat dimana?,dimana hasil tes masuk dapat dilihat,mahasiswa baru yang ingin melihat hasil tesnya dapat mengecek dimana?,langkah untuk mengecek hasil tes,hasil tes seleksi penerimaan dapat dicek pada?,langkah untuk melakukan proses pengecekan hasil tes seleksi,jelaskan cara melihat hasil tes seleksi,tes seleksi CAT hasilnya dapat dilihat kapan?,bisa diakses dimana nih hasil tes kita?,untuk melakukan cek hasil lewat portalnya bagaimana caranya?,bagaimana melakukan pengecekan hasil lewat portal seleksi?,dimana saya bisa lihat hasil seleksi tes yang saya ikuti?,"kalau sudah selesai tes, kapan bisa cek hasilnya?","saya ga tahu cara cek hasil tes seleksi, bisa dibantu?",hasil tes seleksi bisa dilihat kapan dan bagaimana,apakah hasil tes bisa langsung dilihat setelah tes seleksi selesai,gimana cara cek apakah saya lolos tes seleksi di botedu?,aku mau cek hasil seleksi,kalau hasil seleksi bisa di cek dimana ya,aku mau melihat hasil seleksinya,hasil seleksi bisa dilihat dimana,apakah hasil seleksi bisa dilihat secara online,kasih tau cara ngecek hasil seleksi,jelaskan cara mengecek hasil seleksinya,gimana cara ngeliat hasil seleksinya,aku habis tes dan mau liat hasil seleksinya tapi caranya gimana ya,tata cara mengecek hasil seleksi,langkah-langkah untuk melihat hasil seleksi,gimana caranya cek hasil seleksi,hasil seleksi itu bisa dicek dimana sih,pengen lihat hasil seleksi,cara yang benar untuk mengecek hasil seleksi,tutor untuk melihat hasil seleksi,hasil seleksi bisa diakses secara online kah,berikan info terkait tata cara untuk melihat hasil seleksi,penasaran sama hasil seleksi ku,hasil tes bisa dilihat dimana,apa bisa cek hasil seleksi? kalo bisa gimana caranya,untuk hasil seleksi bisa dilihat dimana ya,seperti apa cara untuk melihat hasil seleksi,langkah apa yang harus dilakukan untuk cek hasil seleksi,bisa kasih tahu gimana cara cek hasil seleksi?,cek hasil seleksi,hasil seleksi bisa diakses dimana,"mau liat hasil seleksi, gimana ya caranya",pengumuman hasil seleksi bisa dilihat dimana?,jelaskan cara untuk melihat hasil tes seleksi,"hasil seleksi bisa langsung dilihat setelah tes selesai, nggak?",kasih tahu dong langkah-langkah cek hasil seleksi,"tes seleksinya udah selesai, nanti hasil tes nya bisa dicek dimana?",pengumuman hasil seleksi,hasil seleksinya diumumin dimana sih,pengumuman hasil tes seleksi nya tuh kapan munculnya,kapan hasil seleksi CAT akan diumumkan?,gimana cara cek hasil seleksi melalui portal,"mau nanya dong, hasil seleksinya bisa diliat secara online ngga?",kira-kira hasil tes CAT nya kapan ya keluarnya,"tes nya udah aku kerjain semua, hasilnya bisa dicek dimana ya?",hasil tes bakal diumumin dimana sih biasanya,habis tes langsung bisa liat hasilnya ngga sih,ngecek hasil tes seleksi tuh di bagian mana ya,"mau nanya, tes CAT itu hasilnya langsung keluar ya?",jelasin dong gimana cara cek hasil tes di portal,hasil seleksi bisa di cek dimana nih? mau liat aku,di portal bisa cek hasil seleksi juga ngga?,udah keluar belum ya hasil seleksinya,"kalo udah selesai ngerjain hasil seleksinya, otomatis langsung keluar kah?",kalo mau cek hasil seleksi gimana,nilai seleksi nya bisa dilihat dimana ya kak?,untuk hasil seleksi itu bisa diakses dimana sih,cara liat hasil tes seleksinya kaya gimana ,panduan untuk melihat hasil tes,,,,,,,,,,,,,,,,,,,,,,,,,,,,,,,,,,,,,,,,,,,,,,,,,,,,,,,,,,,,,,,,,,,,,,,,,,,,,,,,,,,,,,,,,,,,,,,,,,,,,,,,,,,,,,,,,,,,,,,,,,,,,,,,,,,,,,,,,,,,,,,,,,,,,,,,,,,,,,,,,,,,,,,,,,,,,,,,,,,,,,,,,,,,,,,,,,,,,,,,,,,,,,,,,,,,,,,,,,,,,,,,,,,,,,,,,,,,,,,,,,,,,,,,,,,,,,,,,,,,,,,,,,,,,,,,,,,,,,,,,,,,,,,,,,,,,,,,,,,,,,,,,,,,,,,,,,,,,,,,,,,,,,,,,,,,,,,,,,,,,,,,,,,,,,,,,,,,,,,,,,,,,,,,,,,,,,,,,,,,,,,,,,,,,,,,,,,,,,,,,,,,,,,,,,,,,,,,,,,,,,,,,,,,,,,,,,,,,,,,,,,,,,,,,,,,,,,,,,,,,,,,,,,,
10,Daftar Ulang,"Untuk melakukan daftar ulang di Universitas BotEdu, ikuti langkah-langkah berikut:

1. Login ke portal mahasiswa baru melalui Daftar Ulang BotEdu.
2. Periksa informasi penerimaan Anda.
3. Bayar biaya registrasi awal sesuai petunjuk.
4. Unggah dokumen tambahan seperti Kartu Keluarga, pas foto, dan surat keterangan sehat.
Batas waktu daftar ulang adalah 25 Januari 2025. 

Apakah ada hal lain yang ingin Anda tanyakan?",,usr.daftar_ulang,gimana cara untuk melakukan daftar ulang,bisa dibantu untuk daftar ulang caranya gimana?,cara daftar ulang gimana deh?,"mahasiswa yang diterima dapat melakukan daftar ulang, caranya?",jelaskan cara melakukan daftar ulang,langkah-langkah untuk melakukan proses daftar ulang,tata cara bagi mahasiswa baru untuk melakukan daftar ulang,"aku lolos dan mau daftar ulang, bisa dibantu?",eh tahu ga kamu caranya daftar ulang gimana?,mekanisme ulang pendaftaran ulang,proses daftar ulang bagi mahasiswa yang lolos,"saya sudah diterima di botedu, langkah-langkah daftar ulangnya apa saja?",daftar ulang caranya gimana kalau udah keterima,tutorial melakukan daftar ulang bagi mhs baru,bagaimana langkah-langkah daftar ulang di universitas botedu,"aku baru aja keterima, habis itu daftar ulangnya caranya gimana?","jika ingin melakukan daftar ulang, langkah awalnya bagaimana?",bisa dipandu untuk proses pendaftaran ulang,"saya masih belum paham mekanisme daftar ulang nih, bisa saya dibantu?",panduan melakukan daftar ulang,instruksi berkaitan pendaftaran ulang bagaimana biasanya,"btw buat yang udah keterima di botedu, untuk melakukan daftar ulang caranya bagaimana?",proses daftar ulang di universitas botedu kak,"cara daftar ulang di botedu itu gimana, ada panduannya?",ada langkah-langkah tertentu buat daftar ulang di botedu?,aku mau daftar ulang,cara daftar ulangnya gimana,langkah-langkah melakukan daftar ulang,bagaimana cara melakukan daftar ulang,kasih tau cara biar bisa daftar ulang dong,info lengkap daftar ulang di universitas botedu,kalo di UBE daftar ulangnya gimana,tolong jelasin cara daftar ulangnya,apa aja langkah-langkah buat daftar ulang,apakah daftar ulang ada batas waktunya,alur untuk daftar ulang di UBE,prosedur daftar ulang di universitas botedu,di UBE daftar ulangnya gimana sih,masih belum tau cara daftar ulang di UBE kaya gimana,batas waktu daftar ulang,bagaimana proses daftar ulangnya,butuh info nih soal daftar ulang di UBE,informasi seputar daftar ulang di UBE,kasih info soal daftar ulang di UBE,gak paham caranya daftar ulang tuh gimana,apakah ada tutorial daftar ulang,pengen daftar ulang nih,daftar ulang itu langkah-langkahnya gimana sih,beritau cara agar bisa daftar ulang,daftar ulang mahasiswa baru,daftar ulang,mau daftar ulang,cara daftar ulang,tutorial daftar ulang mahasiswa baru,daftar ulang tuh alurnya gimana,berikan petunjuk daftar ulang,langkah-langkah daftar ulang,kasih tau step by step daftar ulang,gimana tahapan daftar ulang di UBE,prosedur daftar ulang maba UBE,"buat daftar ulang, prosesnya gimana",bagaimana cara daftar ulang di Universitas BotEdu?,bisa kasih petunjuk buat melakukan daftar ulang ngga?,"mau daftar ulang bingung nih, jelasin caranya dong",alur daftar ulang,"jelasin terkait prosedur daftar ulang dong, bingung nih",apa ada panduan untuk proses daftar ulang?,proses daftar ulang tuh dilakukan dimana ya?,"udah keterima, mau daftar ulang gimana ya caranya",gimana caranya biar bisa daftar ulang di UBE,"mau urus daftar ulang, kasih tau step by step nya dong","tata cara daftar ulang gimana deh, masih bingung","halo kak, bisa jelasin cara buat daftar ulang ngga? ",informasi mengenai proses daftar ulang,"aku butuh panduan buat daftar ulang, ada infonya ngga","tinggal daftar ulang nih, gimana ya caranya",prosedur daftar ulang mahasiswa baru ube,tata cara melakukan daftar ulang,untuk daftar ulangnya itu gimana,"kalo udah keterima, daftar ulangnya online kah?",,,,,,,,,,,,,,,,,,,,,,,,,,,,,,,,,,,,,,,,,,,,,,,,,,,,,,,,,,,,,,,,,,,,,,,,,,,,,,,,,,,,,,,,,,,,,,,,,,,,,,,,,,,,,,,,,,,,,,,,,,,,,,,,,,,,,,,,,,,,,,,,,,,,,,,,,,,,,,,,,,,,,,,,,,,,,,,,,,,,,,,,,,,,,,,,,,,,,,,,,,,,,,,,,,,,,,,,,,,,,,,,,,,,,,,,,,,,,,,,,,,,,,,,,,,,,,,,,,,,,,,,,,,,,,,,,,,,,,,,,,,,,,,,,,,,,,,,,,,,,,,,,,,,,,,,,,,,,,,,,,,,,,,,,,,,,,,,,,,,,,,,,,,,,,,,,,,,,,,,,,,,,,,,,,,,,,,,,,,,,,,,,,,,,,,,,,,,,,,,,,,,,,,,,,,,,,,,,,,,,,,,,,,,,,,,,,,,,,,,,,,,,,,,,,,,,,,,,,,,,,,,,,,,
11,Masa Orientasi,"Masa orientasi mahasiswa baru Universitas BotEdu akan dimulai pada 1 September 2025 dan berlangsung selama 5 hari. Acara ini akan membantu Anda beradaptasi dengan lingkungan kampus dan mengenal teman-teman baru. Jadwal lengkap akan dikirimkan melalui email Anda ataupun melalui via Whatsapp sesuai nomor yang anda gunakan pada Pendaftaran.

Apakah ada hal lain yang ingin Anda tanyakan?",,usr.masa_orientasi,masa orientasi kapan yah?,ada masa orientasi kah?,buat mhs baru ada orientasi tidak?,orientasi bakalan ada atau engga?,berapa lama masa orientasi berjalan?,kasih tahu lama waktu untuk melakukan orientasi,"jadwal orientasi dong kak, ada ga?",punya susunan acara pas orientasi?,orientasi nih acaranya apa aja,lama ga masa orientasi di botedu,di botedu biasanya berapa lama masa orientasinya,tahu ga acara selama masa orientasi apa aja,bisa dibantu carikan informasi seputar masa orientasi,ada masa orientasi nih di botedu? beneran?,kapan masa orientasinya ya di botedu?,masa orientasi mahasiswa baru di BotEdu berlangsung selama berapa har,gimana sih jadwal orientasi mahasiswa baru di BotEdu?,apakah ada info tentang jadwal lengkap masa orientasi mahasiswa baru,ospek kampus kapan nih,bakal ada ospek kan buat mahasiswa baru? kapan ya,ospeknya kapan kak jadwalnya,waktu ospek berapa hari biasanya,informasi soal ospek kampus dong,bisa dibantu untuk ospek dilakukan kapan?,"saya baru diterima di BotEdu, kapan ya masa orientasinya dimulai?",masa orientasi berlangsung selama berapa hari,berapa lama masa orientasi di UBE,masa orientasi tuh berapa hari,pengen tau masa orientasi nya berapa lama,kasih tau dong masa orientasi di UBE selama berapa hari,tolong kasih info seputar masa orientasi di UBE,informasi seputar masa orientasi universitas botedu,di universitas botedu masa orientasinya berlangsung selama berapa hari,kapan masa orientasinya dimulai,kalo masa orientasinya kapan kak,kalo di UBE masa orientasinya berapa hari sih,pengen tau jadwal masa orientasi di UBE,saat masa orientasi bakal ngapain aja,apakah ada masa orientasi buat maba,masa orientasi bakal dilaksanain kapan,kapan sih masa orientasi maba bakal dimulai,berapa hari masa orientasi maba,maba bakal ikut masa orientasi selama berapa hari,buat maba apa bakal ada masa orientasi?,mau liat jadwal masa orientasi maba di UBE,masa orientasi dimulainya kapan ya,boleh liat jadwal masa orientasinya ngga,masa orientasi mulai dilaksanakan kapan,masa orientasi mahasiswa baru universitas botedu,apakah ada timeline masa orientasi,masa orientasi,masa orientasi dimulai kapan,timeline masa orientasi,ada jadwal masa orientasi ngga?,kapan masa orientasi dilaksanakan,pelaksanaan masa orientasi,pkkmb nya kapan,ospek nya dimulai tanggal berapa ya?,pkkmb dilaksanakan kapan sih,info jadwal pkkmb,ada ospek kan? tanggal berapa tuh,"mau nanya kak, untuk masa orientasi itu kapan ya pelaksanaannya?",apakah ada masa orientasi mahasiswa baru?,masa orientasi maba bakal diadakan kapan sih,kasih tau jadwal pelaksanaan masa orientasi dong,mau liat info mengenai masa orientasi,kapan pelaksanaan masa orientasi bagi mahasiswa baru?,"mau nanya, untuk masa orientasi akan diadakan di tanggal berapa ya","eh, masa orientasi tuh dimulai kapan sih tau ngga?",mau liat jadwal pelaksanaan ospek maba UBE dong,emang kapan sih masa orientasinya,aku belum tau masa orientasinya di tanggal berapa,ada info terkait pelaksanaan masa orientasi maba UBE ngga?,jadwal masa orientasi mahasiswa baru UBE tuh kapan? mohon infonya,informasi pelaksanaan masa orientasi mahasiswa baru UBE,ospeknya emang tgl  brp kak?,buat ospeknya itu dilaksanain kpn sih,ada pkkmb nya kah?,"mau nanya kak, untuk pelaksanaan pkkmbnya itu di tgl brp ya?",ospek maba ube tgl brp sih kak?,,,,,,,,,,,,,,,,,,,,,,,,,,,,,,,,,,,,,,,,,,,,,,,,,,,,,,,,,,,,,,,,,,,,,,,,,,,,,,,,,,,,,,,,,,,,,,,,,,,,,,,,,,,,,,,,,,,,,,,,,,,,,,,,,,,,,,,,,,,,,,,,,,,,,,,,,,,,,,,,,,,,,,,,,,,,,,,,,,,,,,,,,,,,,,,,,,,,,,,,,,,,,,,,,,,,,,,,,,,,,,,,,,,,,,,,,,,,,,,,,,,,,,,,,,,,,,,,,,,,,,,,,,,,,,,,,,,,,,,,,,,,,,,,,,,,,,,,,,,,,,,,,,,,,,,,,,,,,,,,,,,,,,,,,,,,,,,,,,,,,,,,,,,,,,,,,,,,,,,,,,,,,,,,,,,,,,,,,,,,,,,,,,,,,,,,,,,,,,,,,,,,,,,,,,,,,,,,,,,,,,,,,,,,,,,,,,,,,,,,,,,,,,,,,,,,,,,,,,,,,,,,,,,,
12,Penutup,"Baik! Jika ada yang ingin ditanyakan di lain waktu, EduBot selalu siap membantu. Semoga harimu menyenangkan dan tetap semangat belajar! ",,usr.penutup,tidak ada,ngga ada ,tidak kak,sudah cukup kak,udah ngga ada lagi kak,cukup kak,"ngga ada kak, udah paham",tidak ada sih min,ngga min,"udah min, ngga ada",belum ada min,"cukup min, paham","udah cukup kak, makasih",belum ada pertanyaan lagi kak,"ngga ada lagi sih kak, makasih ya",buat sekarang belum ada lagi min,"cukup min, terimakasih","gak ada lagi, thanks ",sementara belum ada kak,"engga kak, makasih ya","terimakasih kak, sudah cukup",engga ada lagi min,gak ada yang mau ditanyaa lagi min,"belum ada pertanyaan lain, thanks kak ","udah cukup kak, terimakasih ya","udah jelas semua kak, ngga ada pertanyaan lagi","terimakasih, sementara cukup kak","udah paham kak, cukup",sejauh ini cukup kak,ngga ada yang mau ditanyain lagi kak,"udah sih kak, udah paham",belum ada pertanyaan lagi min,buat sekarang cukup kak,"belum kak, udah jelas semuanya",buat sekarang kayanya belum ada lagi kak,"gak ada lagi min, makasih",sementara belum ada sih min,"udah min, ngga ada pertanyaan lain",tidak ada pertanyaan lain min,"tidak kak, makasih infonya","ngga ada min, makasih ya informasinya",sekarang belum ada pertanyaan lain sih,"ga kak, udah cukup","ga ada min, terimakasih informasinya","belum min, thanks infonya ","udah cukup jelas, makasih ya kak informasinya","udah ngga ada lagi kak, makasih infonya",tidak ada lagi si kak buat saat ini,"sudah jelas kak, belum ada pertanyaan lain",kayanya udah cukup deh kak,"gak ada kak, thanks informasinya","sementara cukup kak, belum ada pertanyaan lagi","udah sih kak, ga ada pertanyaan lain","udh ngerti kak, makasih ya",belum ada yang ingin ditanya lagi kak,"ga ada min, udah cukup jelas",ga ada yg mau ditanya lagi min,"sudah jelas semua kak, belum ada yang mau ditanyain lagi","cukup min, makasih informasinya","tidak kak, makasih banyak ya",belum ada kak,"udah cukup sih kak, makasih ","sementara itu aja kak, thanks","udah kak, ngga ada pertanyaan lagi",buat sekarang udah cukup kak,"udah min, ga ada yg mau ditanya lagi ","tidak ada kak, udah cukup","ga ada lagi kak, makasih banyak informasinya","tidak ada kak, udah cukup jelas","sementara itu aja kak, blm ada pertanyaan lain","tiadk kak, makasih ya","sementara cukup kak, terimakasih",belum ada yang mau ditanya lagi kak,"ngga ada lagi kak, makasih infonya","belum ada min, udah cukup jelas informasinya","tidak ada kak, sudah paham","belum ada pertanyaan lain, makasih min ","belum ada kak, sementara sudah cukup","tidak kak, thanks infonya ","belum ada pertanyaan lagi min, terimakasih infonya",,,,,,,,,,,,,,,,,,,,,,,,,,,,,,,,,,,,,,,,,,,,,,,,,,,,,,,,,,,,,,,,,,,,,,,,,,,,,,,,,,,,,,,,,,,,,,,,,,,,,,,,,,,,,,,,,,,,,,,,,,,,,,,,,,,,,,,,,,,,,,,,,,,,,,,,,,,,,,,,,,,,,,,,,,,,,,,,,,,,,,,,,,,,,,,,,,,,,,,,,,,,,,,,,,,,,,,,,,,,,,,,,,,,,,,,,,,,,,,,,,,,,,,,,,,,,,,,,,,,,,,,,,,,,,,,,,,,,,,,,,,,,,,,,,,,,,,,,,,,,,,,,,,,,,,,,,,,,,,,,,,,,,,,,,,,,,,,,,,,,,,,,,,,,,,,,,,,,,,,,,,,,,,,,,,,,,,,,,,,,,,,,,,,,,,,,,,,,,,,,,,,,,,,,,,,,,,,,,,,,,,,,,,,,,,,,,,,,,,,,,,,,,,,,,,,,,,,,,,,,,,,,,,,
